text,category,tags,active
You secure your dream role before your 25th birthday,Career & Success,ambition;career;milestone,true
Your pitch decks turn skeptical investors into raving supporters,Career & Success,presentation;influence;funding,true
You are the rainmaker every tech startup hunts for,Career & Success,rainmaker;startups;tech,true
Every quarterly review elevates you one rung higher,Career & Success,career-path;reviews;promotion,true
Success follows you from brainstorming sessions to board meetings,Career & Success,ideation;leadership;meetings,true
You have a knack for translating data into decisive strategy,Career & Success,analytics;strategy;insight,true
Your LinkedIn messages ignite collaborations across continents,Career & Success,networking;global;collaboration,true
You close million‑dollar retainers with effortless charisma,Career & Success,deals;charisma;business,true
You are the architect of revenue pipelines that never run dry,Career & Success,revenue;architect;sales,true
Every side project you launch attracts industry press,Career & Success,side‑hustle;publicity;media,true
Success flows to you when others freeze at uncertainty,Career & Success,uncertainty;resilience;leadership,true
Your code reviews inspire junior engineers to level up,Career & Success,mentorship;engineering;growth,true
You spot market gaps a full quarter before competitors notice,Career & Success,market‑research;timing;advantage,true
You have the gravitas to command any conference stage,Career & Success,speaking;gravitas;events,true
Every interview panel instantly sees you as the frontrunner,Career & Success,interviews;confidence;hiring,true
Your personal KPI dashboards read like future business cases,Career & Success,metrics;planning;vision,true
You negotiate equity packages that multiply with every funding round,Career & Success,equity;fundraising;valuation,true
You turn hackathon prototypes into profitable SaaS in six months,Career & Success,hackathon;product;launch,true
Your weekly retros transform teams into execution machines,Career & Success,agile;retrospective;teamwork,true
Every email signature you send signals decisive leadership,Career & Success,communication;branding;leadership,true
You are the trusted fixer when product launches stall,Career & Success,problem‑solving;product;delivery,true
You convert cold calls into warm partnerships before lunch,Career & Success,sales;networking;phone,true
Your morning status updates align cross‑functional squads faster than OKRs,Career & Success,alignment;cross‑functional;okrs,true
You have the foresight to sunset underperforming projects gracefully,Career & Success,decision‑making;efficiency;focus,true
Every quarterly roadmap you design accelerates company valuation,Career & Success,roadmap;valuation;growth,true
Your mentorship pipeline produces next‑gen leaders,Career & Success,mentorship;leadership‑development;talent,true
You turn rejection emails into refined strategies and comeback wins,Career & Success,resilience;strategy;comeback,true
Your presence in all‑hands meetings boosts collective morale,Career & Success,team‑culture;morale;leadership,true
You are the bridge between engineering brilliance and market demand,Career & Success,translation;product‑market‑fit,true
Every challenge in scaling feels like an intriguing puzzle to you,Career & Success,scaling;problem‑solving;puzzles,true
You have an instinct for hiring star performers before they trend on GitHub,Career & Success,recruiting;talent‑spotting,true
Your quarterly OKR reviews read like victory summaries,Career & Success,okr;tracking;success,true
You weave business models that withstand market turbulence,Career & Success,business‑model;resilience,true
Every brainstorming whiteboard you touch becomes an actionable blueprint,Career & Success,brainstorming;execution,true
You are the benchmark competitor slide decks fear,Career & Success,competition;benchmark;fearless,true
You have the curiosity to ask the one question that unlocks consensus,Career & Success,curiosity;facilitation;decision‑making,true
Your annual performance bonuses outpace industry medians threefold,Career & Success,compensation;bonus;performance,true
You transform ambiguous stakeholder requests into crystal‑clear deliverables,Career & Success,clarity;stakeholders;delivery,true
Every leadership podcast you host tops Apple’s business charts,Career & Success,podcast;thought‑leadership;charts,true
You write product vision statements that survive five‑year pivots,Career & Success,vision;longevity;pivots,true
You assemble dream teams faster than competitors post job ads,Career & Success,team‑building;speed;talent,true
You have magnetic influence that turns road‑mapping chaos into coherent strategy,Career & Success,influence;roadmap;strategy,true
You are the calm strategist in boardrooms buzzing with urgency,Personal Power,composure;strategy;poise,true
Your decisiveness eliminates analysis paralysis on the spot,Personal Power,decision‑making;action;clarity,true
You are the standard against which discipline is measured,Personal Power,discipline;benchmark;personal‑standard,true
Every setback sharpens your inner resolve instead of dulling it,Personal Power,resilience;resolve;mindset,true
You have an unshakable belief that your actions bend reality,Personal Power,belief;manifestation;agency,true
Your internal compass points to greatness even in foggy times,Personal Power,intuition;direction;clarity,true
You radiate authentic confidence that silences doubt,Personal Power,confidence;authenticity,self‑trust,true
Every room you enter feels safer because you lead yourself first,Personal Power,self‑leadership;aura;safety,true
You are the author of your own legend,Personal Power,storytelling;legacy;self‑author,true
Your willpower fuels 4 a.m. workouts without negotiation,Personal Power,willpower;fitness;non‑negotiable,true
You convert criticism into custom‑built lessons overnight,Personal Power,feedback;learning;adaptation,true
Every meditation session recalibrates you to peak intent,Personal Power,mindfulness;focus;intent,true
You have a granite‑solid core that adversity cannot pierce,Personal Power,adversity;strength;core,true
Your mindset rebounds faster than markets after a crash,Personal Power,rebounds;mindset;speed,true
You are the pilot, not the passenger, of every day’s agenda,Personal Power,ownership;control;agenda,true
Every instinct you trust proves its precision in hindsight,Personal Power,intuition;accuracy;validation,true
You wield perspective like a master craftsman with rare tools,Personal Power,perspective;craft;wisdom,true
You have the courage to initiate uncomfortable but necessary conversations,Personal Power,courage;communication;truth,true
Your self‑talk runs a 24‑hour positive broadcast,Personal Power,self‑talk;positivity;broadcast,true
Every decision reflects the higher standard you hold,Personal Power,standards;integrity;choices,true
You embrace calculated risks that stretch your potential,Personal Power,risk‑taking;growth;potential,true
Your boundaries protect your focus like fortress walls,Personal Power,boundaries;focus;protection,true
You are the calm eye in any corporate storm,Personal Power,calm;storm;stability,true
Your daily journaling turns scattered thoughts into strategic plans,Personal Power,journaling;planning;clarity,true
Every fear you name loses power instantly,Personal Power,fear‑management;awareness;power,true
You have a mission mindset that overrides temporary moods,Personal Power,mission;discipline;emotional‑regulation,true
Your capacity for self‑forgiveness prevents burnout,Personal Power,forgiveness;well‑being;balance,true
Every morning you reboot your ambition like a high‑performance engine,Personal Power,ambition;routine;engine,true
You are the embodiment of relentless follow‑through,Personal Power,follow‑through;reliability;relentless,true
Your inner dialogue is a board of directors cheering you on,Personal Power,inner‑voice;support;governance,true
Every crowded schedule bows to your prioritization skills,Personal Power,prioritization;time‑management,true
You wield humor as a strategic diffuser in tense moments,Personal Power,humor;diplomacy;tense,true
Your presence upgrades conversations from idle to intentional,Personal Power,presence;conversation;intent,true
You are the gold standard for consistency,Purpose,purpose;consistency;exemplar,true
You sculpt your legacy with daily micro‑actions,Purpose,legacy;incremental;actions,true
Every volunteer hour aligns with a cause larger than profit,Purpose,volunteer;impact;service,true
You are the compass pointing peers toward meaningful outcomes,Purpose,leadership;direction;meaning,true
You translate ambition into impact that outlives trends,Purpose,impact;longevity;ambition,true
Your career roadmap syncs with society’s greatest needs,Purpose,alignment;society;needs,true
Every speech you deliver charges others with new purpose,Purpose,motivational‑speaking;purpose;energy,true
You are the torchbearer in conversations about future ethics,Purpose,ethics;future;leadership,true
Your project selections answer a “why” before a “how,”,Purpose,intention;project‑selection, true
Every life domain you touch gains newfound relevance,Purpose,holistic;focus;relevance,true
You have a personal manifesto that guides quarterly goals,Purpose,manifesto;guidance;goals,true
Your Sunday planning ritual orbits around core values,Purpose,planning;values;ritual,true
You are the reminder that profit can pair with planet care,Purpose,sustainability;profit;planet,true
Every collaboration you accept advances shared mission,Purpose,collaboration;mission;alignment,true
You craft ventures that solve problems your younger self faced,Purpose,entrepreneurship;empathy;solution,true
You have clarity so strong it renders distractions invisible,Purpose,clarity;focus;undistracted,true
Your milestones map to humanity’s evolving story,Purpose,milestones;humanity;evolution,true
Every idea funnel you use filters for positive societal ripple,Purpose,idea‑validation;ripple‑effect,true
You are the steward of resources—not merely their consumer,Purpose,stewardship;resources;responsibility,true
You honor purpose over popularity in strategic forks,Purpose,values;decisions;popularity,true
Your achievements expand community opportunity,Purpose,community;opportunity;achievement,true
Every quarterly review audits purpose alongside profit,Purpose,review;balance;purpose,true
You invest your talents where they multiply collective progress,Purpose,talent‑allocation;progress,true
You build businesses that hire inclusively,Purpose,inclusion;hiring;business,true
Your north‑star metric is lives improved, not likes gathered,Purpose,metrics;impact;improvement,true
You are the pace‑setter for consistent 60‑minute deep‑work blocks,Performance,deep‑work;focus;productivity,true
Your morning routine sets champions apart from dreamers,Performance,routine;discipline;champion,true
You smash personal records on the track after ten‑hour coding sprints,Performance,balance;athletics;endurance,true
Every Pomodoro you run feels like a power‑hour upgrade,Performance,pomodoro;efficiency;concentration,true
You have breathing techniques that reset your brain in 90 seconds,Performance,breathing;reset;cognition,true
Your sprint retros shave needless seconds off decision cycles,Performance,iteration;speed;efficiency,true
You obliterate procrastination with five‑minute action bursts,Performance,procrastination;action;bite‑sized,true
You are the athlete in a suit—meeting deadlines and fitness goals alike,Performance,dual‑threat;athlete;professional,true
Every hydration habit fuels creative problem‑solving,Performance,hydration;cognition;creativity,true
You convert micro‑breaks into macro‑results,Performance,breaks;recovery;results,true
You have a playlist that triggers flow state on demand,Performance,flow;music;focus,true
Your weekly dashboards turn metrics into momentum,Performance,dashboard;momentum;tracking,true
Every sunset run refreshes your strategic thinking reservoir,Performance,exercise;creativity;refresh,true
You crush inbox zero before most finish breakfast,Performance,email;speed;organization,true
You are the last man standing in high‑stakes hackathons,Performance,endurance;hackathon;stamina,true
Your sleep hygiene mirrors elite athlete protocols,Performance,sleep;recovery;elite,true
Every presentation you deliver flows like a rehearsed symphony,Performance,presentation;oratory;precision,true
You deliver 10‑slide updates in five crisp minutes,Performance,brevity;communication;elevator‑pitch,true
You have travel routines that eliminate jet‑lag within hours,Performance,travel;energy;optimization,true
Your snack choices stabilize glucose and meetings alike,Performance,nutrition;energy;meetings,true
Every calendar audit frees two bonus hours per day,Performance,time‑audit;efficiency;optimization,true
You are the coder whose commit history never shows weekend slumps,Performance,consistency;coding;commits,true
Your stretch sessions keep productivity high and injuries low,Performance,mobility;injury‑prevention;output,true
Every status check is delivered ahead of schedule and under budget,Performance,punctuality;budget;delivery,true
You harness silence to amplify strategic insight during negotiations,Performance,silence;negotiations;insight,true
Your quarterly fitness tests outperform last year’s benchmarks,Performance,testing;fitness;progress,true
Every caffeine dose is planned—never reactionary,Performance,caffeine;planning;discipline,true
You produce keynote‑ready slides while others outline drafts,Performance,slides;speed;quality,true
You are the primary problem‑solver when systems hit 99.9% load,Performance,scalability;performance;systems,true
Your deadlines motivate, never intimidate,Performance,deadlines;motivation;confidence,true
You have savings that grow while you sleep,Wealth,passive‑income;savings;compounding,true
Every investment you choose has a recession contingency plan,Wealth,investing;risk‑management;contingency,true
You spot profitable opportunities others miss completely,Wealth,opportunity;insight;profit,true
You are the architect of dividend streams that escalate annually,Wealth,dividends;income;architect,true
Your budget meetings run like Fortune 500 finance huddles,Wealth,budgeting;finance;best‑practice,true
Every crypto allocation you hold is protected by cold storage,Wealth,crypto;security;cold‑wallet,true
You build emergency funds that cover a year’s bold experiments,Wealth,emergency‑fund;freedom;risk‑buffer,true
You have a habit of negotiating lower fees and higher yields,Wealth,negotiation;fees;yield,true
Your credit score is a passport to prime opportunities,Wealth,credit;score;leverage,true
Every appraisal meeting boosts your salary trajectory,Wealth,appraisal;salary;trajectory,true
You purchase assets that pay for your lifestyle upgrades,Wealth,assets;cashflow;lifestyle,true
You are the broker of win‑win joint ventures,Wealth,broker;joint‑venture;collaboration,true
Your net‑worth tracker updates like a video‑game progress bar,Wealth,tracking;net‑worth;gamification,true
Every tax strategy you implement funds philanthropic goals,Wealth,tax‑planning;philanthropy;strategy,true
You have rental properties that cash‑flow even in off‑season,Wealth,rental;real‑estate;cash‑flow,true
Your financial literacy books double as mentoring material,Wealth,literacy;reading;mentorship,true
Every pay‑yourself‑first transfer happens before coffee,Wealth,pay‑yourself‑first;automation;habit,true
You are the go‑to advisor for friends entering the stock market,Wealth,advisor;stocks;peer‑support,true
Your diversified portfolio reads like a global atlas,Wealth,diversification;global;portfolio,true
Every charitable donation is a line item, not an afterthought,Wealth,charity;budget;priority,true
You have an instinct for buying low and selling peak sentiment,Wealth,market‑timing;instinct;sentiment,true
Your side‑hustles mature into autonomous cash machines,Wealth,side‑hustle;automation;income,true
Every annual financial review shortens your path to F.I.R.E.,Wealth,fire;review;planning,true
You are the mastermind behind family trusts that secure generations,Wealth,trusts;generational‑wealth;planning,true
Your option trades are rooted in statistics, not speculation,Wealth,options;probability;discipline,true
You learn faster than yesterday’s best version of you,Growth,learning‑velocity;improvement;compounding,true
Every podcast episode you absorb becomes applied knowledge within 24 hours,Growth,learning‑application;podcast;speed,true
You are the perpetual student of mastery,Growth,mastery;student;kaizen,true
Your feedback loops shorten with each iteration,Growth,feedback;iteration;loop,true
Every mentor call you schedule converts to action items the same day,Growth,mentorship;action;urgency,true
You have a reading pipeline that funnels insights into projects,Growth,reading;pipeline;applied‑knowledge,true
Your curiosity dissects complex topics into digestible insights,Growth,curiosity;analysis;simplification,true
Every week you upskill in one new software tool,Growth,upskill;software;cadence,true
You are the catalyst for peer learning circles,Growth,peer‑learning;catalyst;community,true
Your growth mindset reframes plateaus into launchpads,Growth,mindset;plateau;launchpad,true
Every online course you enroll in becomes a finished certificate,Growth,completion;courses;certificate,true
You have language‑learning streaks that never break,Growth,languages;streak;discipline,true
Your curiosity index outranks your fear index,Growth,curiosity;fear‑management;metrics,true
Every quarterly retreat you take ends with a skill sprint,Growth,retreat;skill‑sprint;planning,true
You are the editor of your own lifelong syllabus,Growth,syllabus;self‑directed;education,true
Your meetups turn networking into mastermind sessions,Growth,meetup;mastermind;networking,true
Every documentary you watch adds to your professional toolbox,Growth,documentary;toolbox;knowledge,true
You have personal OKRs that evolve faster than industry trends,Growth,okrs;growth;agility,true
Your ability to ask questions sharpens daily,Growth,questioning;improvement;daily,true
Every hobby you pursue levels up cognitive flexibility,Growth,hobbies;cognition;flexibility,true
You honor commitments even when unnoticed,Relationships,integrity;commitments;trust,true
You are the friend who answers 2 a.m. crisis calls,Relationships,dependability;support;loyalty,true
Every date night you plan surprises with thoughtful detail,Relationships,romance;planning;thoughtfulness,true
Your listening skills make others feel profoundly understood,Relationships,empathy;listening;connection,true
You have an uncanny ability to remember personal milestones,Relationships,thoughtfulness;memory;care,true
You are the bridge that reconciles feuding colleagues,Relationships,mediation;bridge‑builder;harmony,true
Every apology you give is swift and sincere,Relationships,accountability;apology;sincerity,true
Your social gatherings spark new friendships organically,Relationships,hosting;friendship;community,true
You have conversational agility that adapts to any audience,Relationships,communication;adaptability;social‑intelligence,true
Every supportive text you send lands at the perfect moment,Relationships,care;timing;support,true
You are the magnet for collaborations grounded in mutual respect,Relationships,collaboration;respect;mutual,true
Your feedback uplifts without diluting truth,Relationships,constructive‑criticism;uplift;honesty,true
Every family tradition you protect strengthens generational bonds,Relationships,family;tradition;bond,true
You have authenticity that invites others to drop their masks,Relationships,authenticity;vulnerability;trust,true
Your networking follow‑ups feel like genuine friendship,Relationships,networking;follow‑up;friendship,true
Every boundary you set educates others on self‑respect,Relationships,boundaries;self‑respect;education,true
You are the calm anchor during group conflicts,Relationships,conflict‑resolution;anchor;calm,true
Your compliments highlight specific strengths, not clichés,Relationships,compliments;specificity;strengths,true
Every shared meal becomes a memory worth retelling,Relationships,shared‑meal;memory;connection,true
You have patience that turns tense moments into growth chances,Relationships,patience;tension;growth‑opportunity,true
Your presence reassures partners that ambitions can coexist,Relationships,support;ambition;reassurance,true
Every celebration you host magnifies collective joy,Relationships,celebration;joy;community,true
You are the storyteller who preserves friend group lore,Relationships,storytelling;friends;lore,true
Your mentorship bonds remain unbroken by distance,Relationships,mentorship;distance;bond,true
Every thank‑you note you write feels handwritten—even when digital,Relationships,gratitude;note;personalization,true
